Customer ID,Customer Name,Age,Gender,Country,Region
CUST9791,Leroy Johns,36,Male,Germany,Europe
CUST1607,Ashley Harrison,26,Male,China,Asia
CUST4707,David Jackson,63,Other,Germany,Europe
CUST1900,Nicholas Young,43,Other,China,Asia
CUST3598,Kerry Wilson,33,Other,Brazil,South America
CUST3283,Cindy Bates,29,Male,UK,Europe
CUST7146,Hannah Carter,23,Female,USA,North America
CUST2671,Matthew Taylor,25,Other,Canada,North America
CUST6785,Tina Morrison,52,Female,Germany,Europe
CUST9511,Alison Hopkins,67,Other,Canada,North America
CUST6739,Rachael Boyd,30,Female,USA,North America
CUST9497,Joseph Fields,62,Male,UK,Europe
CUST2529,Mr. Benjamin Hernandez,63,Male,Brazil,South America
CUST7885,Scott Gilbert,49,Male,Brazil,South America
CUST6511,Wesley Rodriguez,59,Male,USA,North America
CUST4298,Tony Leon,47,Other,Canada,North America
CUST7929,Matthew Fischer,48,Female,UK,Europe
CUST9510,Craig Martinez,23,Female,USA,North America
CUST6987,Johnny Lee,62,Male,China,Asia
CUST3303,Jason Rodriguez,39,Other,Brazil,South America
CUST2103,Joseph Spears,27,Other,Australia,Oceania
CUST6482,Dennis Wade,55,Other,China,Asia
CUST9991,Zachary Cardenas,66,Male,USA,North America
CUST2681,Courtney Reeves,30,Female,India,Asia
CUST9195,Maria Garcia,51,Other,Australia,Oceania
CUST6307,Melissa Fisher,34,Other,Brazil,South America
CUST4651,Patrick Montgomery,58,Male,Brazil,South America
CUST9962,Morgan Larson,18,Female,Australia,Oceania
CUST1579,Lawrence Morris,22,Other,Germany,Europe
CUST2225,Ashley Dunn,49,Other,China,Asia
CUST7955,Nicole Haley,67,Other,Australia,Oceania
CUST3210,Savannah Hernandez,63,Other,Brazil,South America
CUST4658,Amy Morton,22,Male,Germany,Europe
CUST6590,Jason Lopez,39,Male,USA,North America
CUST6020,James Hoover,37,Female,Brazil,South America
CUST6512,Tracy Murphy,70,Female,India,Asia
CUST2181,Amanda Burgess,57,Female,Canada,North America
CUST9219,Maria Jennings,40,Female,China,Asia
CUST4496,Henry Valdez,66,Female,UK,Europe
CUST4674,Brooke Banks,53,Female,India,Asia
CUST7797,Steven Hunter,63,Female,Australia,Oceania
CUST2564,Nancy Moore,22,Female,Canada,North America
CUST9182,Misty Mora,55,Female,UK,Europe
CUST4773,Leonard Mitchell,62,Other,USA,North America
CUST9527,Rachel Ross,66,Female,India,Asia
CUST3393,Amy Anthony,42,Female,Canada,North America
CUST6030,Kimberly Diaz,43,Male,Germany,Europe
CUST9064,Robert Bishop,32,Male,China,Asia
CUST2351,Jessica Green,18,Female,USA,North America
CUST9508,Miss Deborah Wallace,46,Male,Brazil,South America
CUST3898,Jesse Strickland,59,Male,Brazil,South America
CUST8578,Rebecca Warren,19,Other,Brazil,South America
CUST4464,Robert Mcknight,54,Other,Australia,Oceania
CUST5420,Mathew Acosta,56,Other,UK,Europe
CUST1005,Christina Carrillo,48,Female,Australia,Oceania
CUST4587,Diana Richards,59,Other,Brazil,South America
CUST4748,Kevin Smith,61,Other,UK,Europe
CUST2297,Marcus Day,58,Male,USA,North America
CUST4987,William Weaver,26,Female,Brazil,South America
CUST2401,Shawn Mcgrath,35,Other,India,Asia
CUST9851,Elizabeth Walsh,58,Other,China,Asia
CUST5548,Mario Buchanan,39,Female,Canada,North America
CUST4373,Jay Underwood,49,Female,China,Asia
CUST9502,Thomas Madden,29,Male,China,Asia
CUST5667,Matthew Wang,63,Male,India,Asia
CUST5217,Michael Boyer,39,Female,Australia,Oceania
CUST5373,Chad Durham,20,Other,China,Asia
CUST5799,Jennifer Ray,54,Male,USA,North America
CUST7748,Robert Jones,67,Male,Canada,North America
CUST4760,Vincent Patel,26,Male,USA,North America
CUST6382,Brian Jennings,66,Other,India,Asia
CUST6529,Ashley Ritter,44,Other,Australia,Oceania
CUST1733,Rebekah Johnson,44,Female,Canada,North America
CUST4200,Holly Woods,28,Other,India,Asia
CUST2451,Laurie Moore,69,Male,Germany,Europe
CUST2179,James Gardner,33,Male,India,Asia
CUST6655,Joshua Johnson,63,Other,Germany,Europe
CUST4376,Dr. Beth Harris DVM,38,Female,USA,North America
CUST3422,John Garcia,62,Female,Canada,North America
CUST7877,Nicole Jackson,29,Female,USA,North America
CUST5893,Stacie Cooper,36,Male,Germany,Europe
CUST4454,Thomas Dean,70,Female,Brazil,South America
CUST3726,Linda Marshall,39,Other,Canada,North America
CUST4887,Mr. Larry Jones,20,Female,Brazil,South America
CUST2011,Devin Perkins,61,Male,Brazil,South America
CUST6602,Scott Cannon,48,Male,Germany,Europe
CUST5402,Tracy Collins,20,Male,India,Asia
CUST4182,Lawrence Johnston,20,Other,India,Asia
CUST2439,Jennifer Hernandez,33,Female,Australia,Oceania
CUST5844,Kristin Mcpherson MD,70,Female,China,Asia
CUST8533,Dean Brooks,20,Other,Australia,Oceania
CUST3005,Russell Donovan,58,Other,Canada,North America
CUST1262,Dr. William Beasley DVM,45,Female,Germany,Europe
CUST1921,Shaun Gregory,31,Other,Brazil,South America
CUST2526,Sarah Powell,41,Male,USA,North America
CUST9450,Ryan Taylor,39,Other,USA,North America
CUST6346,Christine Simon,59,Female,Canada,North America
CUST3953,David Barnett,68,Male,Australia,Oceania
CUST4660,Megan Edwards,44,Other,Australia,Oceania
CUST5597,Adrienne Sampson,21,Female,Germany,Europe
CUST2724,Jesus Anderson,35,Male,China,Asia
CUST4732,Adam Reed,59,Male,Germany,Europe
CUST9776,Cameron Lyons,44,Other,China,Asia
CUST6865,Erica Adams,60,Male,Canada,North America
CUST2496,Sharon Davidson,63,Male,Canada,North America
CUST8739,Shane Chandler,28,Female,China,Asia
CUST4570,Megan Jones,33,Male,Canada,North America
CUST1484,Eric Murillo,28,Female,UK,Europe
CUST3566,Dr. Mary Kelly,54,Male,UK,Europe
CUST6256,Crystal Harris,66,Male,Germany,Europe
CUST1895,Holly Price,29,Male,Canada,North America
CUST2068,Charles Nguyen,33,Other,Brazil,South America
CUST7996,Jerome Flynn,35,Other,Germany,Europe
CUST7466,William Scott,32,Other,China,Asia
CUST8371,Mr. Adam Wilson,43,Female,UK,Europe
CUST8389,Miss Donna Woodward,26,Male,Australia,Oceania
CUST5381,Johnny Clements,40,Female,Canada,North America
CUST4228,Mario Munoz,37,Male,UK,Europe
CUST4020,Megan Anderson,49,Male,India,Asia
CUST8717,Jesus Bell,70,Other,India,Asia
CUST8667,Alexander Lewis,51,Male,Canada,North America
CUST9177,Robert Scott,52,Other,China,Asia
CUST2819,Jennifer Johnson,37,Female,Australia,Oceania
CUST5653,Jason Dawson,70,Other,UK,Europe
CUST1970,Jason Blankenship,40,Male,UK,Europe
CUST7908,Pamela Anderson,68,Male,Canada,North America
CUST1999,Cynthia Woods,57,Other,Canada,North America
CUST7707,Michael Gutierrez,64,Male,Brazil,South America
CUST4857,Catherine Fitzgerald,30,Female,India,Asia
CUST9742,Craig Conner,20,Other,USA,North America
CUST8441,Richard Martin,57,Other,USA,North America
CUST9956,Richard Miller,67,Male,Australia,Oceania
CUST8947,Brett Walker,64,Other,UK,Europe
CUST2069,Mr. Michael Carroll,50,Female,Germany,Europe
CUST9168,Diana Gray,57,Female,Canada,North America
CUST7459,Ashley Williamson MD,22,Other,USA,North America
CUST9560,Spencer Schwartz,30,Male,Germany,Europe
CUST4088,Hannah Davis,29,Male,Canada,North America
CUST6965,Ellen Dominguez,41,Male,Brazil,South America
CUST7568,Brandon Sawyer,39,Other,UK,Europe
CUST7493,Jorge Diaz MD,18,Male,Canada,North America
CUST3691,Bethany Jones,27,Other,China,Asia
CUST4286,Valerie Shepard,55,Female,Brazil,South America
CUST7705,Melissa Clayton,23,Female,Canada,North America
CUST7676,Robert Pope,42,Male,Canada,North America
CUST5554,Jennifer Trujillo,54,Male,Brazil,South America
CUST6818,Brian Rowe,61,Male,China,Asia
CUST2150,Kimberly Williams,50,Female,Brazil,South America
CUST9911,Tina Hansen,39,Other,Australia,Oceania
CUST5564,Juan Herrera,58,Other,India,Asia
CUST2987,Mr. David Hernandez,69,Female,Brazil,South America
CUST6723,Aaron Gibson,27,Other,India,Asia
CUST7279,Kelly Thomas,22,Female,Canada,North America
CUST1193,Gary Johnson,35,Female,UK,Europe
CUST5488,Jordan May,41,Other,Canada,North America
CUST4898,Brandy Smith,61,Male,Brazil,South America
CUST2306,Dana Gilmore,34,Male,India,Asia
CUST1941,Jason Crosby,28,Female,UK,Europe
CUST5586,Michael Dixon,46,Other,UK,Europe
CUST2904,Andrew Washington,70,Female,Canada,North America
CUST9944,Andrea Wells,21,Male,Canada,North America
CUST2122,Craig Lambert,53,Other,Germany,Europe
CUST3311,Gregory Smith,29,Male,Germany,Europe
CUST2438,James Ramsey,64,Other,Australia,Oceania
CUST1168,Natalie Jackson,21,Male,Australia,Oceania
CUST8421,Danielle Patel,63,Other,Canada,North America
CUST3855,Christopher Wagner,62,Female,USA,North America
CUST2214,Dr. Jessica Munoz,45,Other,Germany,Europe
CUST7938,Steven Conrad,51,Male,USA,North America
CUST5741,Nicholas Kennedy,46,Female,Brazil,South America
CUST4141,Patricia Marquez,58,Male,USA,North America
CUST1100,Matthew Davis,54,Other,Brazil,South America
CUST2876,Christina Tucker,19,Other,China,Asia
CUST6689,Shannon Gonzalez,33,Male,Germany,Europe
CUST8781,Marcus Cooper,58,Other,Canada,North America
CUST6767,Mary Mendez,25,Female,China,Asia
CUST6731,Jenna Hull,51,Female,Canada,North America
CUST1719,Maria Murphy,22,Male,China,Asia
CUST3217,Allison Reeves,62,Other,Canada,North America
CUST8211,Nicole Scott,34,Male,USA,North America
CUST9587,Andrew Shelton,49,Other,UK,Europe
CUST4823,Jessica Williams,32,Male,China,Asia
CUST3416,Katherine Berry,62,Female,Germany,Europe
CUST5412,Shaun Parker,42,Other,Australia,Oceania
CUST9738,Sarah Johnson,36,Other,USA,North America
CUST3145,Samuel Olson,57,Male,UK,Europe
CUST6191,Mrs. Sierra Rosales,66,Male,UK,Europe
CUST7672,Chelsea Haynes,24,Male,UK,Europe
CUST4297,Ronald Moore,42,Female,Canada,North America
CUST7536,Kimberly Fisher,24,Female,China,Asia
CUST3401,Rhonda Romero,53,Female,Australia,Oceania
CUST2056,Corey Jackson,41,Other,Canada,North America
CUST3689,Robert Shah,21,Male,UK,Europe
CUST5692,Melissa Velasquez,46,Other,UK,Europe
CUST2981,George Wright,19,Female,UK,Europe
CUST9075,Travis Medina,42,Female,Brazil,South America
CUST9016,Joshua Wright,43,Other,Australia,Oceania
CUST6243,Tammy Petersen,30,Male,India,Asia
CUST6089,Ricardo King,69,Male,Germany,Europe
CUST2153,Justin Olsen,53,Female,Germany,Europe
CUST4420,Jack Nelson,51,Other,Australia,Oceania
CUST1920,Leslie Shah,39,Female,Australia,Oceania
CUST2411,Joshua Mendoza,32,Male,Australia,Oceania
CUST4227,Jason Myers,52,Female,Germany,Europe
CUST4897,Billy Simmons,45,Female,UK,Europe
CUST2749,David Cook,56,Female,Brazil,South America
CUST9932,Patricia Harris,26,Female,Australia,Oceania
CUST1509,Mrs. Mikayla Gaines,29,Male,China,Asia
CUST2748,Isaiah Williams,25,Female,USA,North America
CUST2543,Roger Walker,44,Other,Canada,North America
CUST1308,Jack Sanchez,64,Female,UK,Europe
CUST4845,Rachel Santiago,29,Male,India,Asia
CUST8671,Richard Guerrero,60,Other,UK,Europe
CUST4552,Wesley Taylor,52,Other,USA,North America
CUST6553,Gerald Hernandez,37,Female,Brazil,South America
CUST4946,Jordan Valdez,42,Female,China,Asia
CUST3084,Maxwell Flores,46,Female,China,Asia
CUST2074,Jennifer King,36,Other,India,Asia
CUST8857,Bradley Warner,37,Male,UK,Europe
CUST6055,Misty Hill,41,Other,Germany,Europe
CUST6485,Michelle Greene,65,Other,Brazil,South America
CUST6398,Phillip Curtis,29,Male,Brazil,South America
CUST5926,Roger Salazar,25,Female,Brazil,South America
CUST4780,Karen Wood,52,Female,Canada,North America
CUST7237,Megan Newton,56,Female,Germany,Europe
CUST5357,Dr. Maureen Ayers MD,25,Female,Australia,Oceania
CUST6745,James Harris,48,Male,UK,Europe
CUST2630,Christopher Jordan,18,Other,USA,North America
CUST6603,Melinda Thompson,46,Female,Germany,Europe
CUST9844,Luis Lee,68,Male,UK,Europe
CUST8856,Shirley Kerr,29,Female,Germany,Europe
CUST6271,Wendy Wilcox,23,Female,Australia,Oceania
CUST5786,Lauren Forbes,43,Female,Brazil,South America
CUST1397,Tonya Wright,45,Other,Germany,Europe
CUST6043,Nathan Cohen DVM,43,Female,Brazil,South America
CUST5723,Nathan Olsen,47,Other,India,Asia
CUST6747,Daniel Juarez,26,Other,Brazil,South America
CUST8124,Sharon Nguyen,54,Other,Germany,Europe
CUST3843,Susan Morris,67,Male,Germany,Europe
CUST8342,David Blackwell,62,Other,Canada,North America
CUST5243,Jose Stevenson,64,Female,USA,North America
CUST9982,Samantha Kelley,28,Other,India,Asia
CUST2776,Natalie Hall,40,Other,Australia,Oceania
CUST4271,Timothy Davidson,39,Male,USA,North America
CUST9111,Cory Long,53,Female,India,Asia
CUST1096,Ellen Gates,64,Other,China,Asia
CUST3263,Amanda Miller,42,Female,Australia,Oceania
CUST5274,Haley Long,41,Other,UK,Europe
CUST3561,Albert Powell,40,Male,India,Asia
CUST1566,Brittany Haley,57,Female,Canada,North America
CUST3541,Richard Zuniga,35,Female,Canada,North America
CUST1571,Tara Payne,59,Female,Australia,Oceania
CUST1879,Margaret Taylor,33,Female,Germany,Europe
CUST4938,Anthony Meadows,48,Other,India,Asia
CUST4766,Kenneth Wu,61,Male,Canada,North America
CUST3221,Wanda Davies,56,Other,Australia,Oceania
CUST9025,Adam Turner,40,Male,Brazil,South America
CUST3601,Brenda Brown,27,Other,Canada,North America
CUST4942,Allison Kane,18,Female,USA,North America
CUST3108,Kimberly Cunningham,18,Female,Australia,Oceania
CUST9997,Richard Duran,64,Male,UK,Europe
CUST1289,Jessica Clayton,42,Female,Germany,Europe
CUST1619,Bill Smith,34,Female,Germany,Europe
CUST3362,Caitlin Mcpherson,67,Male,Brazil,South America
CUST7210,Eric Colon,66,Female,India,Asia
CUST7141,William Duran,27,Male,India,Asia
CUST7690,Clayton Fox MD,59,Female,UK,Europe
CUST6610,Benjamin Hill,20,Male,UK,Europe
CUST8411,Sandra Powell,34,Female,India,Asia
CUST9954,Russell Bowman,54,Other,Australia,Oceania
CUST7618,Patricia Wolf,32,Other,USA,North America
CUST8062,Mark Stein MD,39,Female,India,Asia
CUST9203,James Daniels,33,Female,China,Asia
CUST1136,Mark Villegas,32,Other,Australia,Oceania
CUST2257,Jennifer Ward,52,Female,USA,North America
CUST8752,Jeffrey Turner,30,Male,China,Asia
CUST3477,Shannon Gray,39,Female,Germany,Europe
CUST1578,Jason Davis,29,Male,China,Asia
CUST7592,Kimberly Hardy,22,Male,Brazil,South America
CUST8531,Michelle Henry,23,Other,Brazil,South America
CUST8689,Lisa Torres,61,Male,Australia,Oceania
CUST2750,Heather Larson DDS,54,Other,USA,North America
CUST1261,Russell Hernandez,49,Male,Brazil,South America
CUST8377,William Edwards,22,Other,Australia,Oceania
CUST9194,Michael Lee,43,Male,China,Asia
CUST8250,Paul Allison,59,Male,China,Asia
CUST8643,Christopher Barrett,36,Female,Germany,Europe
CUST4616,William Rhodes,25,Female,China,Asia
CUST3478,Robert Williams,69,Male,China,Asia
CUST2859,Heather Ellis,53,Other,India,Asia
CUST6373,Jessica Sullivan,51,Male,Australia,Oceania
CUST2875,Joseph White,54,Female,Australia,Oceania
CUST3309,Susan Brown,61,Male,Canada,North America
CUST1447,Brian Carpenter,38,Other,India,Asia
CUST6153,Lance Collins,22,Other,India,Asia
CUST7587,Rebecca Mendoza,18,Other,USA,North America
CUST9819,Stephanie Gibbs,38,Female,UK,Europe
CUST5589,Jessica Barajas,62,Female,UK,Europe
CUST3926,Gregory Hill,69,Female,Canada,North America
CUST8223,Andrew Smith,45,Female,Australia,Oceania
CUST7496,Erika Orr,47,Male,USA,North America
CUST9543,Brent Harrison,64,Other,Canada,North America
CUST1870,Joseph Gomez,18,Female,Canada,North America
CUST5587,Andrea Neal,58,Male,Brazil,South America
CUST6315,Jeffrey Hayes II,66,Female,Germany,Europe
CUST9426,Omar Nelson,43,Other,Germany,Europe
CUST4849,Thomas Sampson,30,Female,UK,Europe
CUST5775,Beth Hudson,38,Other,India,Asia
CUST6098,Megan Myers,29,Male,Brazil,South America
CUST4676,Aaron Smith,61,Male,USA,North America
CUST4883,Catherine Clark,22,Female,China,Asia
CUST3204,Robert Levine,47,Female,India,Asia
CUST3471,Chad Mullins,34,Male,China,Asia
CUST4334,Michelle Evans,29,Male,China,Asia
CUST7806,Laurie Molina,63,Female,China,Asia
CUST3753,Alexandra Lewis,45,Female,Canada,North America
CUST1211,Kenneth Sandoval,39,Other,China,Asia
CUST1123,Sydney Gonzalez,58,Other,Australia,Oceania
CUST6611,Jennifer Hoffman,18,Female,China,Asia
CUST4955,Jamie Davenport,24,Other,Brazil,South America
CUST8315,Lauren Olsen,69,Female,Brazil,South America
CUST6638,Brian Garcia,38,Other,India,Asia
CUST8709,Diana Tucker,38,Male,Canada,North America
CUST6588,Melissa Pratt,52,Male,Germany,Europe
CUST1680,Ryan Lopez,67,Other,Brazil,South America
CUST1565,Christopher Monroe,33,Female,UK,Europe
CUST8325,Xavier Clark,62,Other,China,Asia
CUST5919,Hayley Campbell,33,Female,Germany,Europe
CUST4702,Taylor Barrett,60,Female,India,Asia
CUST9993,Mr. James Clark Jr.,50,Male,Germany,Europe
CUST1722,Nicole Garza,34,Male,India,Asia
CUST8476,Crystal Lee,69,Female,India,Asia
CUST8057,Nicole Roberts,22,Female,Brazil,South America
CUST6541,Amanda Hammond,48,Male,USA,North America
CUST4395,Timothy Valencia,28,Female,Australia,Oceania
CUST5888,Tyler Fuller,63,Other,Germany,Europe
CUST6496,Hunter Lee,24,Male,UK,Europe
CUST1518,Kim Hanson,58,Male,India,Asia
CUST6809,Rebecca Dunn,33,Other,Germany,Europe
CUST4433,Andrew Lozano,46,Male,Australia,Oceania
CUST3571,Michelle Anderson,59,Other,Germany,Europe
CUST5494,Gabriel Duarte,23,Female,Canada,North America
CUST6932,Jill Olsen,36,Male,Canada,North America
CUST7545,Kevin Elliott,62,Male,Canada,North America
CUST9490,Ellen Williams,33,Male,USA,North America
CUST6056,Kathleen King,54,Male,India,Asia
CUST6780,Allen Montoya,65,Female,Australia,Oceania
CUST2287,Nicole Lawrence,20,Male,UK,Europe
CUST1051,Patricia Cooke,51,Male,China,Asia
CUST7045,Christine Lewis,65,Male,Germany,Europe
CUST1184,Blake Roberts,51,Male,Australia,Oceania
CUST8383,Michael Patton,57,Female,China,Asia
CUST4536,Jared Brandt,24,Female,Canada,North America
CUST1839,David Davis,26,Female,USA,North America
CUST2911,Tabitha Davidson,32,Male,Germany,Europe
CUST2863,Alexis Olson,39,Female,China,Asia
CUST9750,Angela Hanson,56,Female,USA,North America
CUST5658,Courtney Johnson,47,Other,Brazil,South America
CUST3259,Richard Harris,61,Female,Canada,North America
CUST2632,Catherine Moore,57,Female,USA,North America
CUST9723,Dr. Paige Henderson,59,Male,China,Asia
CUST2688,Marc Quinn,30,Male,Germany,Europe
CUST7959,Randall Livingston,38,Other,UK,Europe
CUST5814,Lisa Reynolds,31,Female,Brazil,South America
CUST3847,Wendy Cole,21,Male,Germany,Europe
CUST7239,Teresa Rios,31,Female,Germany,Europe
CUST8895,Amber Hall,59,Other,China,Asia
CUST7101,Diane Dominguez,49,Male,China,Asia
CUST1520,Edward Evans,54,Other,Australia,Oceania
CUST6430,Lisa Stewart,24,Other,Germany,Europe
CUST9118,Joel Harrington,56,Male,Germany,Europe
CUST4030,Stephanie Miranda,36,Male,India,Asia
CUST9763,Jacqueline Estes,62,Male,India,Asia
CUST8577,Janet Carson,25,Male,China,Asia
CUST6875,Katherine Leblanc,48,Other,China,Asia
CUST7050,John Anderson,35,Female,Germany,Europe
CUST3174,Mitchell Woods,32,Male,Germany,Europe
CUST9981,Debbie Mills,28,Female,Brazil,South America
CUST9775,Lisa Reyes,28,Female,Brazil,South America
CUST8200,Justin May,40,Male,Germany,Europe
CUST9491,Justin Johnson,41,Female,UK,Europe
CUST6982,Mrs. Donna Hill DDS,26,Male,India,Asia
CUST2568,Keith Fowler,46,Female,UK,Europe
CUST6227,Yolanda Wilson,68,Male,Germany,Europe
CUST1859,Jill Mccoy,66,Female,Canada,North America
CUST3407,Charles Yang,37,Male,UK,Europe
CUST9894,Sara Levine,36,Male,China,Asia
CUST2937,Joseph Lewis,69,Female,India,Asia
CUST7932,Mark House,52,Other,Canada,North America
CUST6772,Amanda Henderson,29,Female,China,Asia
CUST1611,Adam Osborne,29,Female,India,Asia
CUST5180,Melissa Young,22,Male,Brazil,South America
CUST5994,Gina Wong,58,Male,Germany,Europe
CUST8270,Linda Ford,41,Other,Brazil,South America
CUST8305,Theresa Gonzales,40,Male,UK,Europe
CUST4569,Martha Zhang,62,Female,USA,North America
CUST6599,Ronald Parker,69,Female,Australia,Oceania
CUST1535,Jason Crosby,61,Female,USA,North America
CUST1437,Olivia Berry,28,Female,China,Asia
CUST3767,Susan Dixon,45,Male,Canada,North America
CUST4444,Ann Jones,37,Other,China,Asia
CUST3089,Jennifer Martinez,69,Other,India,Asia
CUST5141,Larry Ortega,68,Male,China,Asia
CUST6176,Jillian Mcgrath,61,Male,Australia,Oceania
CUST4333,Taylor Owens,36,Other,USA,North America
CUST1226,Gina Shannon,28,Male,China,Asia
CUST1064,Amy Lowe,34,Female,Germany,Europe
CUST1374,Jeffrey Harrell,70,Female,Australia,Oceania
CUST2714,Cody Nguyen,54,Female,Australia,Oceania
CUST9959,Thomas Scott,61,Other,China,Asia
CUST8428,Abigail Lee,48,Male,USA,North America
CUST6870,David Miller,34,Female,India,Asia
CUST5572,Miguel Rogers,30,Other,Canada,North America
CUST3607,Eric Avila,21,Other,UK,Europe
CUST1894,Robert Fox,26,Other,UK,Europe
CUST8514,Christopher Allen,67,Other,Germany,Europe
CUST9969,Krystal Huerta,36,Male,China,Asia
CUST2381,Andrew Ryan,19,Other,Canada,North America
CUST4499,Victoria Thornton,41,Female,Brazil,South America
CUST5515,Hunter Randall,24,Other,Australia,Oceania
CUST1061,Kathy Davis,50,Other,Brazil,South America
CUST2285,Mr. Peter Whitney,50,Female,Brazil,South America
CUST1293,Dylan Hicks,37,Male,India,Asia
CUST2022,April Guerrero,40,Male,UK,Europe
CUST1516,Jeremy Oconnell,58,Male,India,Asia
CUST4347,Henry Carr,28,Male,Australia,Oceania
CUST6285,Dillon Jackson,20,Male,Brazil,South America
CUST3796,Anna Stephens,37,Female,India,Asia
CUST5287,Tony Perez,32,Male,China,Asia
CUST2963,Ralph Lee,54,Female,Australia,Oceania
CUST6701,Michael Meyer,33,Other,Australia,Oceania
CUST5777,Deborah Ortiz,46,Female,Australia,Oceania
CUST9321,Anthony Nguyen,22,Other,China,Asia
CUST5812,Wayne Mann,23,Female,India,Asia
CUST2761,Jessica Brennan,61,Female,Germany,Europe
CUST8410,Amanda Lee,29,Female,Germany,Europe
CUST6735,Jacob Kelley,67,Female,UK,Europe
CUST5582,Elizabeth Gregory,51,Other,Germany,Europe
CUST6462,Megan Taylor,22,Other,Australia,Oceania
CUST1863,Julie Moore,61,Female,UK,Europe
CUST2456,Derrick Williams,47,Other,Canada,North America
CUST4888,Caitlin Watts,53,Male,USA,North America
CUST8912,Dana Noble,61,Male,UK,Europe
CUST6165,Sarah Wallace,23,Other,UK,Europe
CUST9396,Mrs. Monica Scott,34,Other,Australia,Oceania
CUST9756,Alyssa Kennedy,61,Female,China,Asia
CUST2235,Matthew Williams,55,Male,USA,North America
CUST7982,Jared Shelton,29,Male,Germany,Europe
CUST8271,Laura Stein,18,Male,Australia,Oceania
CUST8158,Reginald Hendricks,56,Female,Germany,Europe
CUST5470,Christopher Taylor,57,Other,India,Asia
CUST6827,Kimberly Taylor,58,Female,USA,North America
CUST9710,Jared Franklin,49,Other,UK,Europe
CUST9273,Vincent Dean,21,Other,UK,Europe
CUST7863,David Sosa,24,Female,USA,North America
CUST2327,Juan Turner,28,Male,Canada,North America
CUST7457,Melissa Thomas,34,Female,Brazil,South America
CUST8133,Steven Tran,52,Male,UK,Europe
CUST5998,Jocelyn Bentley,33,Male,China,Asia
CUST8800,George Carter,64,Other,China,Asia
CUST6915,Melissa Barber,55,Female,UK,Europe
CUST2404,Elizabeth Chase,19,Male,India,Asia
CUST3382,Todd Coleman,33,Male,China,Asia
CUST7969,Sandra Garrett,36,Female,India,Asia
CUST9842,David Richardson,22,Male,Canada,North America
CUST4878,Matthew Zimmerman,19,Other,Canada,North America
CUST7429,Jennifer Gates,69,Male,Australia,Oceania
CUST2949,Ashley Wright,48,Female,Germany,Europe
CUST2048,David Rodriguez,27,Male,India,Asia
CUST4519,John Chen,49,Female,Canada,North America
CUST1954,Dylan Welch,42,Male,Brazil,South America
CUST9955,Marissa Gilbert,26,Male,Brazil,South America
CUST6323,Ashley Mosley,66,Male,China,Asia
CUST6042,Katherine Wood,35,Male,USA,North America
CUST5041,Jean Long,56,Other,UK,Europe
CUST7524,Tyler Stokes,34,Female,Germany,Europe
CUST4514,Brandon Russo PhD,70,Female,India,Asia
CUST9561,Rebecca Berger,23,Other,Germany,Europe
CUST4988,Emily Duke,67,Female,India,Asia
CUST5598,Mrs. Robin Hicks,29,Other,Germany,Europe
CUST3939,Russell Jones,60,Female,China,Asia
CUST5342,Joshua Mckee,65,Male,China,Asia
CUST4577,Michael Kennedy,31,Female,China,Asia
CUST7408,Carl Chambers,23,Other,Canada,North America
CUST7601,Victoria Shah,40,Other,UK,Europe
CUST6562,Christine Bird,64,Other,USA,North America
CUST5567,Nicole Mason DDS,54,Other,UK,Europe
CUST8706,Elizabeth Maynard,68,Other,Canada,North America
CUST3054,Sarah Ross,38,Other,India,Asia
CUST9006,Angela Pierce,63,Male,UK,Europe
CUST4509,Eric Olson,50,Other,Canada,North America
CUST2041,Colleen Oneal,33,Other,Canada,North America
CUST2929,Eric Jones,25,Male,UK,Europe
CUST1670,Thomas Perry,44,Other,Canada,North America
CUST4601,Jonathan Perez,69,Female,USA,North America
CUST1642,Tonya Lopez,20,Male,Australia,Oceania
CUST7674,Amanda Vargas,45,Male,Brazil,South America
CUST5186,Angela Clark,67,Female,Australia,Oceania
CUST4372,Emily Mccarthy,21,Male,Germany,Europe
CUST6006,Lisa Dominguez,30,Male,Canada,North America
