Order ID,Customer ID,Product ID,Quantity,Total Sales,Purchase_Date,Payment Method,Delivery Time (Days)
ORD1000,CUST9791,PROD100,2,594.4,11-04-24,Credit Card,11
ORD1001,CUST1607,PROD101,1,141.62,24-08-22,Credit Card,14
ORD1002,CUST4707,PROD102,1,84.85,03-08-24,Credit Card,1
ORD1003,CUST1900,PROD103,3,1085.73,20-06-23,Debit Card,14
ORD1004,CUST3598,PROD104,1,165.02,25-05-22,Debit Card,6
ORD1005,CUST3283,PROD105,2,122.96,08-06-23,Bank Transfer,1
ORD1006,CUST7146,PROD106,1,317.94,22-03-24,Credit Card,12
ORD1007,CUST2671,PROD107,5,2234.95,21-01-22,PayPal,5
ORD1008,CUST6785,PROD108,4,761.36,26-02-20,Debit Card,12
ORD1009,CUST9511,PROD109,1,292.17,11-02-20,Bank Transfer,11
ORD1010,CUST6739,PROD110,1,481.05,13-04-23,Debit Card,6
ORD1011,CUST9497,PROD111,4,1594.32,12-05-21,Credit Card,1
ORD1012,CUST2529,PROD112,5,1035.55,20-05-20,Credit Card,14
ORD1013,CUST7885,PROD113,1,228.96,11-10-24,Bank Transfer,6
ORD1014,CUST6511,PROD114,3,159.63,28-10-24,Credit Card,5
ORD1015,CUST4298,PROD115,1,26.33,16-02-25,Bank Transfer,6
ORD1016,CUST7929,PROD116,4,282.6,28-06-22,Credit Card,6
ORD1017,CUST9510,PROD117,4,1201.96,20-06-24,Credit Card,9
ORD1018,CUST6987,PROD118,4,658.92,24-10-20,Credit Card,5
ORD1019,CUST3303,PROD119,4,1458.04,22-01-23,Bank Transfer,14
ORD1020,CUST2103,PROD120,1,473.96,14-10-20,Bank Transfer,6
ORD1021,CUST6482,PROD121,4,481.56,25-08-20,PayPal,2
ORD1022,CUST9991,PROD122,3,682.11,12-01-24,Bank Transfer,3
ORD1023,CUST2681,PROD123,3,1340.46,13-02-24,Debit Card,13
ORD1024,CUST9195,PROD124,5,129.25,21-02-25,PayPal,14
ORD1025,CUST6307,PROD125,4,303.28,27-02-20,Bank Transfer,3
ORD1026,CUST4651,PROD126,3,1362,23-11-24,Debit Card,13
ORD1027,CUST9962,PROD127,3,136.08,17-08-20,PayPal,1
ORD1028,CUST1579,PROD128,2,588.04,10-06-20,Credit Card,7
ORD1029,CUST2225,PROD129,1,157.7,08-09-24,Bank Transfer,2
ORD1030,CUST7955,PROD130,1,245.62,07-10-23,Credit Card,13
ORD1031,CUST3210,PROD131,4,205.96,12-12-21,Credit Card,13
ORD1032,CUST4658,PROD132,4,1507.28,19-07-23,Credit Card,6
ORD1033,CUST6590,PROD133,5,1766.9,24-04-23,Debit Card,9
ORD1034,CUST6020,PROD134,4,124.08,12-08-21,PayPal,3
ORD1035,CUST6512,PROD135,5,1144.55,18-04-22,Debit Card,12
ORD1036,CUST2181,PROD136,4,1589.16,03-08-21,Bank Transfer,2
ORD1037,CUST9219,PROD137,2,498.68,03-02-22,Credit Card,4
ORD1038,CUST4496,PROD138,1,131.1,22-11-22,Credit Card,9
ORD1039,CUST4674,PROD139,5,2230.8,01-05-20,Credit Card,13
ORD1040,CUST7797,PROD140,1,347.84,03-05-21,Bank Transfer,6
ORD1041,CUST2564,PROD141,3,648.84,03-03-22,Bank Transfer,12
ORD1042,CUST9182,PROD142,2,396.36,06-02-24,Credit Card,7
ORD1043,CUST4773,PROD143,4,255.88,24-09-24,Bank Transfer,6
ORD1044,CUST9527,PROD144,5,1687.9,29-05-22,Credit Card,5
ORD1045,CUST3393,PROD145,3,1344.36,24-01-22,Credit Card,10
ORD1046,CUST6030,PROD146,2,420.06,28-02-20,Bank Transfer,8
ORD1047,CUST9064,PROD147,3,774.36,22-03-21,Debit Card,1
ORD1048,CUST2351,PROD148,2,941.92,01-11-21,PayPal,6
ORD1049,CUST9508,PROD149,1,346.89,07-02-24,PayPal,6
ORD1050,CUST3898,PROD150,4,952,09-04-24,PayPal,2
ORD1051,CUST8578,PROD151,4,1960.64,23-11-23,PayPal,8
ORD1052,CUST4464,PROD152,5,1000.8,05-01-24,Bank Transfer,13
ORD1053,CUST5420,PROD153,1,342.88,28-07-24,Bank Transfer,5
ORD1054,CUST1005,PROD154,3,1360.95,22-01-24,Debit Card,14
ORD1055,CUST4587,PROD155,1,293.63,25-11-22,Debit Card,2
ORD1056,CUST4748,PROD156,1,450.51,30-07-23,Bank Transfer,14
ORD1057,CUST2297,PROD157,3,1424.76,14-12-24,Credit Card,11
ORD1058,CUST4987,PROD158,1,155.67,14-11-22,Credit Card,5
ORD1059,CUST2401,PROD159,4,1742.8,08-10-20,PayPal,12
ORD1060,CUST9851,PROD160,2,812.2,17-09-23,PayPal,11
ORD1061,CUST5548,PROD161,4,859.36,05-02-24,Bank Transfer,7
ORD1062,CUST4373,PROD162,4,1521.16,31-01-24,Credit Card,3
ORD1063,CUST9502,PROD163,3,73.86,05-05-24,Bank Transfer,11
ORD1064,CUST5667,PROD164,2,87.36,24-11-21,PayPal,14
ORD1065,CUST5217,PROD165,2,107.9,22-01-23,Bank Transfer,7
ORD1066,CUST5373,PROD166,2,931.72,13-04-22,Debit Card,2
ORD1067,CUST5799,PROD167,4,1873.92,21-08-20,Debit Card,5
ORD1068,CUST7748,PROD168,4,1108.12,24-05-21,Debit Card,4
ORD1069,CUST4760,PROD169,4,128.28,20-12-23,Debit Card,7
ORD1070,CUST6382,PROD170,5,1091.9,18-07-21,PayPal,7
ORD1071,CUST6529,PROD171,2,377.86,13-04-24,Debit Card,6
ORD1072,CUST1733,PROD172,5,869,26-02-23,Debit Card,14
ORD1073,CUST4200,PROD173,3,680.22,30-07-20,PayPal,7
ORD1074,CUST2451,PROD174,4,1134.44,16-04-22,Bank Transfer,10
ORD1075,CUST2179,PROD175,4,1328.92,12-06-22,Credit Card,4
ORD1076,CUST6655,PROD176,5,955.5,27-04-22,Bank Transfer,3
ORD1077,CUST4376,PROD177,2,141.7,13-10-22,Debit Card,13
ORD1078,CUST3422,PROD178,2,188.2,16-12-23,Credit Card,12
ORD1079,CUST7877,PROD179,2,921.36,10-02-24,Credit Card,7
ORD1080,CUST5893,PROD180,3,769.26,19-02-21,PayPal,11
ORD1081,CUST4454,PROD181,1,497.52,13-01-25,Debit Card,10
ORD1082,CUST3726,PROD182,5,1488.3,03-09-23,Debit Card,1
ORD1083,CUST4887,PROD183,4,436.4,02-05-20,PayPal,8
ORD1084,CUST2011,PROD184,5,1874.2,19-04-22,Bank Transfer,13
ORD1085,CUST6602,PROD185,4,141.8,09-06-24,Credit Card,11
ORD1086,CUST5402,PROD186,2,806.54,22-06-24,Debit Card,5
ORD1087,CUST4182,PROD187,1,408.87,08-09-21,Credit Card,3
ORD1088,CUST2439,PROD188,5,77.4,05-09-22,Debit Card,8
ORD1089,CUST5844,PROD189,2,449.06,07-01-25,Credit Card,9
ORD1090,CUST8533,PROD190,1,419.5,28-01-23,Bank Transfer,6
ORD1091,CUST3005,PROD191,3,900.03,28-11-24,Debit Card,2
ORD1092,CUST1262,PROD192,3,1459.71,06-10-20,Credit Card,7
ORD1093,CUST1921,PROD193,5,544.5,26-10-23,PayPal,3
ORD1094,CUST2526,PROD194,3,1377.72,29-04-24,Credit Card,7
ORD1095,CUST9450,PROD195,4,638.56,26-02-25,PayPal,5
ORD1096,CUST6346,PROD196,5,743.3,24-08-23,Bank Transfer,9
ORD1097,CUST3953,PROD197,3,903.84,03-06-23,Bank Transfer,9
ORD1098,CUST4660,PROD198,4,1475.64,24-08-21,Credit Card,4
ORD1099,CUST5597,PROD199,5,1632,02-03-24,Debit Card,9
ORD1100,CUST2724,PROD200,4,921.6,18-01-25,PayPal,7
ORD1101,CUST4732,PROD201,2,123.44,21-10-24,Bank Transfer,8
ORD1102,CUST9776,PROD202,5,1877.05,18-10-20,Debit Card,12
ORD1103,CUST6865,PROD203,3,902.97,08-05-22,PayPal,14
ORD1104,CUST2496,PROD204,4,1497.88,06-08-20,Credit Card,11
ORD1105,CUST8739,PROD205,5,1860.65,24-08-21,PayPal,7
ORD1106,CUST4570,PROD206,3,109.92,11-10-22,Debit Card,14
ORD1107,CUST1484,PROD207,4,1532.44,06-04-21,Bank Transfer,3
ORD1108,CUST3566,PROD208,3,1341.69,02-02-25,PayPal,10
ORD1109,CUST6256,PROD209,4,1601.76,17-02-20,Credit Card,8
ORD1110,CUST1895,PROD210,3,105.84,25-07-24,PayPal,6
ORD1111,CUST2068,PROD211,4,86.64,20-10-22,Bank Transfer,10
ORD1112,CUST7996,PROD212,4,1683.84,14-02-20,Bank Transfer,10
ORD1113,CUST7466,PROD213,1,90.72,30-12-24,Credit Card,3
ORD1114,CUST8371,PROD214,4,70.48,17-05-21,Credit Card,8
ORD1115,CUST8389,PROD215,2,447.36,05-07-21,Credit Card,9
ORD1116,CUST5381,PROD216,3,900.03,24-09-20,PayPal,4
ORD1117,CUST4228,PROD217,2,978.72,09-03-23,PayPal,7
ORD1118,CUST4020,PROD218,3,1113.12,22-03-22,Bank Transfer,7
ORD1119,CUST8717,PROD219,1,172.01,12-12-21,PayPal,11
ORD1120,CUST8667,PROD220,5,967,24-07-21,Bank Transfer,14
ORD1121,CUST9177,PROD221,3,1212.99,14-09-20,Bank Transfer,10
ORD1122,CUST2819,PROD222,4,263.4,24-01-21,PayPal,13
ORD1123,CUST5653,PROD223,4,1745.24,31-01-25,Bank Transfer,4
ORD1124,CUST1970,PROD224,5,1720.55,29-04-24,Debit Card,11
ORD1125,CUST7908,PROD225,1,439.41,02-03-24,Bank Transfer,14
ORD1126,CUST1999,PROD226,4,83.88,01-10-24,Bank Transfer,2
ORD1127,CUST7707,PROD227,3,844.5,11-08-20,PayPal,7
ORD1128,CUST4857,PROD228,3,635.49,10-12-21,Bank Transfer,14
ORD1129,CUST9742,PROD229,2,244.28,01-05-22,PayPal,6
ORD1130,CUST8441,PROD230,2,244.82,12-03-23,Debit Card,10
ORD1131,CUST9956,PROD231,1,93.91,22-02-22,Debit Card,11
ORD1132,CUST8947,PROD232,1,37.36,31-05-23,PayPal,2
ORD1133,CUST2069,PROD233,1,445.88,28-02-21,PayPal,13
ORD1134,CUST9168,PROD234,4,1154,02-11-21,PayPal,12
ORD1135,CUST7459,PROD235,1,349.11,26-08-23,Credit Card,8
ORD1136,CUST9560,PROD236,1,377.75,30-03-21,Credit Card,7
ORD1137,CUST4088,PROD237,4,1636.84,04-12-20,Debit Card,8
ORD1138,CUST6965,PROD238,1,29.25,18-10-22,Debit Card,4
ORD1139,CUST7568,PROD239,1,343.39,12-12-21,Credit Card,10
ORD1140,CUST7493,PROD240,4,1960.36,15-11-22,PayPal,11
ORD1141,CUST3691,PROD241,4,219.96,05-01-25,PayPal,13
ORD1142,CUST4286,PROD242,5,115.4,10-09-24,Bank Transfer,2
ORD1143,CUST7705,PROD243,3,787.5,14-12-24,Credit Card,10
ORD1144,CUST7676,PROD244,3,1166.55,18-04-23,Debit Card,14
ORD1145,CUST5554,PROD245,5,1492.8,30-06-24,Bank Transfer,6
ORD1146,CUST6818,PROD246,4,1306.92,09-04-23,PayPal,3
ORD1147,CUST2150,PROD247,5,2297,07-08-22,Credit Card,9
ORD1148,CUST9911,PROD248,1,25.65,10-12-23,Bank Transfer,4
ORD1149,CUST5564,PROD249,1,354.21,16-03-21,PayPal,8
ORD1150,CUST2987,PROD250,5,2052.3,02-02-20,Bank Transfer,8
ORD1151,CUST6723,PROD251,4,1450.16,30-05-22,Debit Card,8
ORD1152,CUST7279,PROD252,1,447.59,16-05-24,Bank Transfer,5
ORD1153,CUST1193,PROD253,3,910.02,04-07-21,Credit Card,10
ORD1154,CUST5488,PROD254,4,1830.04,13-03-22,Credit Card,12
ORD1155,CUST4898,PROD255,3,380.91,25-12-21,Debit Card,6
ORD1156,CUST2306,PROD256,1,245.7,09-01-22,Credit Card,3
ORD1157,CUST1941,PROD257,1,140.57,02-02-24,Debit Card,4
ORD1158,CUST5586,PROD258,3,1087.86,22-05-24,Debit Card,9
ORD1159,CUST2904,PROD259,1,313.21,18-02-24,Bank Transfer,2
ORD1160,CUST9944,PROD260,1,100.61,09-02-24,Credit Card,1
ORD1161,CUST2122,PROD261,4,1917.56,05-11-23,Bank Transfer,10
ORD1162,CUST3311,PROD262,4,553.44,05-06-20,Credit Card,3
ORD1163,CUST2438,PROD263,4,285.12,26-10-22,Debit Card,3
ORD1164,CUST1168,PROD264,2,869.2,20-01-23,Debit Card,9
ORD1165,CUST8421,PROD265,3,482.79,26-04-20,Debit Card,12
ORD1166,CUST3855,PROD266,4,611.56,25-12-23,Credit Card,2
ORD1167,CUST2214,PROD267,5,2036.45,14-03-20,Debit Card,9
ORD1168,CUST7938,PROD268,2,950.98,16-04-23,PayPal,4
ORD1169,CUST5741,PROD269,1,324.33,20-07-21,Bank Transfer,6
ORD1170,CUST4141,PROD270,1,450.79,18-11-23,Credit Card,11
ORD1171,CUST1100,PROD271,3,1235.79,30-06-22,Debit Card,3
ORD1172,CUST2876,PROD272,2,156.62,29-05-21,Debit Card,8
ORD1173,CUST6689,PROD273,1,404.08,23-11-22,PayPal,4
ORD1174,CUST8781,PROD274,5,1694.05,05-09-20,Credit Card,14
ORD1175,CUST6767,PROD275,1,407.25,20-09-20,Debit Card,7
ORD1176,CUST6731,PROD276,1,411.84,14-06-20,Credit Card,2
ORD1177,CUST1719,PROD277,2,481.82,03-04-24,Credit Card,8
ORD1178,CUST3217,PROD278,5,833.85,30-07-23,PayPal,14
ORD1179,CUST8211,PROD279,5,266.2,12-04-21,Debit Card,1
ORD1180,CUST9587,PROD280,1,94.26,17-02-24,Credit Card,14
ORD1181,CUST4823,PROD281,3,1467.63,18-06-24,Bank Transfer,2
ORD1182,CUST3416,PROD282,3,1245.75,06-06-24,Credit Card,4
ORD1183,CUST5412,PROD283,1,311.75,17-07-23,Bank Transfer,3
ORD1184,CUST9738,PROD284,3,1172.16,21-02-21,Bank Transfer,13
ORD1185,CUST3145,PROD285,5,893.6,23-01-23,Debit Card,7
ORD1186,CUST6191,PROD286,2,878.06,15-01-25,Credit Card,7
ORD1187,CUST7672,PROD287,5,50.15,21-03-24,Bank Transfer,1
ORD1188,CUST4297,PROD288,5,1808.7,16-02-24,Bank Transfer,12
ORD1189,CUST7536,PROD289,3,1130.25,25-10-23,Credit Card,6
ORD1190,CUST3401,PROD290,2,665.08,09-02-21,Bank Transfer,3
ORD1191,CUST2056,PROD291,2,119.48,17-08-24,Bank Transfer,2
ORD1192,CUST3689,PROD292,2,862.62,31-10-23,Debit Card,12
ORD1193,CUST5692,PROD293,3,577.65,21-05-24,Credit Card,3
ORD1194,CUST2981,PROD294,3,849.33,02-11-23,Debit Card,8
ORD1195,CUST9075,PROD295,4,1642.48,18-04-20,Credit Card,9
ORD1196,CUST9016,PROD296,4,233,08-05-23,Bank Transfer,12
ORD1197,CUST6243,PROD297,1,41.93,04-09-24,Bank Transfer,4
ORD1198,CUST6089,PROD298,5,259.55,30-05-21,Debit Card,3
ORD1199,CUST2153,PROD299,2,561.42,19-06-24,PayPal,11
ORD1200,CUST4420,PROD300,4,1739.92,06-06-22,Debit Card,1
ORD1201,CUST1920,PROD301,5,1359.15,17-08-22,Bank Transfer,8
ORD1202,CUST2411,PROD302,4,151.84,13-03-20,PayPal,9
ORD1203,CUST4227,PROD303,1,346.4,07-03-21,Credit Card,12
ORD1204,CUST4897,PROD304,1,399.91,31-07-20,Credit Card,6
ORD1205,CUST2749,PROD305,5,522.3,18-02-21,Credit Card,10
ORD1206,CUST9932,PROD306,2,867.28,31-07-20,PayPal,10
ORD1207,CUST1509,PROD307,4,1058,03-05-20,Bank Transfer,12
ORD1208,CUST2748,PROD308,1,469.08,08-12-20,PayPal,11
ORD1209,CUST2543,PROD309,5,1603.8,23-05-20,Debit Card,9
ORD1210,CUST1308,PROD310,1,85.35,05-06-24,Credit Card,12
ORD1211,CUST4845,PROD311,1,258.61,23-10-22,PayPal,7
ORD1212,CUST8671,PROD312,4,1211.8,17-12-21,PayPal,14
ORD1213,CUST4552,PROD313,5,2205.45,04-04-24,Credit Card,1
ORD1214,CUST6553,PROD314,1,21.11,13-02-24,Credit Card,14
ORD1215,CUST4946,PROD315,3,938.13,11-05-22,Credit Card,4
ORD1216,CUST3084,PROD316,5,674.55,21-02-25,PayPal,5
ORD1217,CUST2074,PROD317,3,797.67,07-02-20,Debit Card,11
ORD1218,CUST8857,PROD318,5,201.05,01-04-22,Credit Card,12
ORD1219,CUST6055,PROD319,5,2034.9,04-04-23,Bank Transfer,9
ORD1220,CUST6485,PROD320,3,429.39,17-03-20,Credit Card,10
ORD1221,CUST6398,PROD321,1,335.15,27-12-23,Debit Card,6
ORD1222,CUST5926,PROD322,1,80.95,09-04-24,Credit Card,5
ORD1223,CUST4780,PROD323,5,958.1,10-11-21,Bank Transfer,10
ORD1224,CUST7237,PROD324,1,498.22,17-05-22,Debit Card,10
ORD1225,CUST5357,PROD325,3,1177.8,14-09-20,Credit Card,14
ORD1226,CUST6745,PROD326,5,916.35,01-10-24,PayPal,7
ORD1227,CUST2630,PROD327,3,304.2,14-12-24,Credit Card,10
ORD1228,CUST6603,PROD328,5,198.75,17-08-21,Bank Transfer,9
ORD1229,CUST9844,PROD329,3,215.61,23-01-24,Bank Transfer,3
ORD1230,CUST8856,PROD330,2,407.82,21-09-24,Credit Card,1
ORD1231,CUST6271,PROD331,2,25.74,17-08-22,Debit Card,8
ORD1232,CUST5786,PROD332,2,199.02,27-04-23,Debit Card,9
ORD1233,CUST1397,PROD333,3,1382.55,27-12-22,PayPal,5
ORD1234,CUST6043,PROD334,4,1915.08,13-01-25,Credit Card,11
ORD1235,CUST5723,PROD335,1,431.15,24-03-21,Bank Transfer,2
ORD1236,CUST6747,PROD336,2,652.32,25-02-22,Credit Card,9
ORD1237,CUST8124,PROD337,1,464.22,06-07-21,Credit Card,14
ORD1238,CUST3843,PROD338,4,1701,23-02-20,Bank Transfer,2
ORD1239,CUST8342,PROD339,1,115.41,27-06-20,PayPal,7
ORD1240,CUST5243,PROD340,1,26.28,08-09-24,PayPal,10
ORD1241,CUST9982,PROD341,2,726.16,20-05-24,Debit Card,1
ORD1242,CUST2776,PROD342,2,450.28,27-03-23,PayPal,8
ORD1243,CUST4271,PROD343,1,240.57,15-09-21,Credit Card,11
ORD1244,CUST9111,PROD344,5,529.7,17-05-22,Credit Card,12
ORD1245,CUST1096,PROD345,3,90.06,18-07-21,Debit Card,1
ORD1246,CUST3263,PROD346,1,498.17,09-01-22,Credit Card,3
ORD1247,CUST5274,PROD347,3,1177.74,27-03-20,PayPal,6
ORD1248,CUST3561,PROD348,4,159.8,01-09-22,Bank Transfer,11
ORD1249,CUST1566,PROD349,2,493.74,07-06-23,PayPal,11
ORD1250,CUST3541,PROD350,5,1400.2,21-04-20,Debit Card,5
ORD1251,CUST1571,PROD351,2,189.98,12-06-24,Bank Transfer,1
ORD1252,CUST1879,PROD352,2,641.74,25-10-23,PayPal,11
ORD1253,CUST4938,PROD353,4,1651.88,03-01-21,PayPal,8
ORD1254,CUST4766,PROD354,3,1446.06,26-01-20,Credit Card,3
ORD1255,CUST3221,PROD355,3,429.24,27-06-22,Debit Card,3
ORD1256,CUST9025,PROD356,2,146.78,07-05-21,Debit Card,1
ORD1257,CUST3601,PROD357,2,731.68,17-07-20,Bank Transfer,9
ORD1258,CUST4942,PROD358,5,891.15,16-06-22,Debit Card,6
ORD1259,CUST3108,PROD359,1,337.24,25-09-21,PayPal,5
ORD1260,CUST9997,PROD360,2,380,31-07-21,Credit Card,3
ORD1261,CUST1289,PROD361,5,1024.55,24-10-24,Credit Card,12
ORD1262,CUST1619,PROD362,3,665.52,15-01-24,Credit Card,9
ORD1263,CUST3362,PROD363,3,30.48,08-12-21,Debit Card,4
ORD1264,CUST7210,PROD364,5,1169.1,01-10-20,PayPal,10
ORD1265,CUST7141,PROD365,1,463.95,28-09-21,Debit Card,6
ORD1266,CUST7690,PROD366,1,419.72,22-06-22,Bank Transfer,5
ORD1267,CUST6610,PROD367,5,1395.45,16-09-22,Debit Card,9
ORD1268,CUST8411,PROD368,4,1930.96,20-08-22,Bank Transfer,2
ORD1269,CUST9954,PROD369,5,744.75,24-07-20,Credit Card,8
ORD1270,CUST7618,PROD370,3,1489.41,31-12-23,Bank Transfer,3
ORD1271,CUST8062,PROD371,4,1575.68,12-06-20,Bank Transfer,6
ORD1272,CUST9203,PROD372,2,534.34,25-02-21,Credit Card,5
ORD1273,CUST1136,PROD373,5,2339.85,11-12-21,Bank Transfer,1
ORD1274,CUST2257,PROD374,4,1253,12-12-23,PayPal,6
ORD1275,CUST8752,PROD375,5,2308.8,24-04-23,Credit Card,1
ORD1276,CUST3477,PROD376,3,1330.65,10-01-21,Debit Card,2
ORD1277,CUST1578,PROD377,4,1783.48,28-04-20,Bank Transfer,3
ORD1278,CUST7592,PROD378,5,89.9,09-11-20,Bank Transfer,14
ORD1279,CUST8531,PROD379,3,1431.69,07-04-21,Debit Card,14
ORD1280,CUST8689,PROD380,2,782.62,09-11-22,Credit Card,11
ORD1281,CUST2750,PROD381,2,812.52,07-02-20,Bank Transfer,10
ORD1282,CUST1261,PROD382,1,498.06,07-05-24,Debit Card,1
ORD1283,CUST8377,PROD383,2,955.68,07-02-22,Credit Card,13
ORD1284,CUST9194,PROD384,1,183.66,03-03-24,Credit Card,9
ORD1285,CUST8250,PROD385,1,460.5,13-01-20,Credit Card,9
ORD1286,CUST8643,PROD386,2,91.06,29-04-20,Credit Card,13
ORD1287,CUST4616,PROD387,3,1269.33,21-04-20,Credit Card,1
ORD1288,CUST3478,PROD388,4,1839.16,01-08-24,PayPal,2
ORD1289,CUST2859,PROD389,3,1080.78,27-01-24,Credit Card,8
ORD1290,CUST6373,PROD390,5,1401.55,04-03-22,Debit Card,12
ORD1291,CUST2875,PROD391,4,1027.92,22-01-21,Credit Card,10
ORD1292,CUST3309,PROD392,2,388.3,03-12-23,Debit Card,3
ORD1293,CUST1447,PROD393,2,250.64,19-12-21,Debit Card,8
ORD1294,CUST6153,PROD394,1,173.78,13-12-21,PayPal,9
ORD1295,CUST7587,PROD395,4,1861.4,01-10-21,Credit Card,2
ORD1296,CUST9819,PROD396,3,1047.06,08-01-24,Bank Transfer,8
ORD1297,CUST5589,PROD397,2,85.44,07-03-21,PayPal,14
ORD1298,CUST3926,PROD398,1,343.66,01-08-22,Bank Transfer,9
ORD1299,CUST8223,PROD399,3,882.57,18-09-20,Credit Card,8
ORD1300,CUST7496,PROD400,4,1996.8,29-12-22,Credit Card,4
ORD1301,CUST9543,PROD401,2,914.38,09-04-20,Debit Card,4
ORD1302,CUST1870,PROD402,1,342.31,13-06-20,Credit Card,5
ORD1303,CUST5587,PROD403,1,265.17,06-02-20,PayPal,2
ORD1304,CUST6315,PROD404,1,91.58,13-01-23,Debit Card,12
ORD1305,CUST9426,PROD405,3,182.97,17-09-20,PayPal,2
ORD1306,CUST4849,PROD406,4,1190.08,23-01-20,Bank Transfer,8
ORD1307,CUST5775,PROD407,1,323.95,30-06-22,Credit Card,7
ORD1308,CUST6098,PROD408,1,158.44,17-10-20,Credit Card,8
ORD1309,CUST4676,PROD409,1,198.74,23-02-22,PayPal,3
ORD1310,CUST4883,PROD410,1,467.24,09-09-20,PayPal,5
ORD1311,CUST3204,PROD411,2,782.72,18-04-20,Bank Transfer,7
ORD1312,CUST3471,PROD412,4,253.72,07-11-24,Bank Transfer,11
ORD1313,CUST4334,PROD413,2,984.08,10-10-23,Credit Card,4
ORD1314,CUST7806,PROD414,4,442.52,13-11-21,Credit Card,9
ORD1315,CUST3753,PROD415,3,420.06,03-06-20,Debit Card,6
ORD1316,CUST1211,PROD416,3,1071.24,12-10-24,Credit Card,5
ORD1317,CUST1123,PROD417,1,418.86,05-12-22,Debit Card,2
ORD1318,CUST6611,PROD418,3,1304.22,18-12-22,Bank Transfer,3
ORD1319,CUST4955,PROD419,1,420.41,17-01-24,Debit Card,3
ORD1320,CUST8315,PROD420,5,1808.15,13-12-24,Credit Card,10
ORD1321,CUST6638,PROD421,4,1412.84,10-09-24,Bank Transfer,6
ORD1322,CUST8709,PROD422,1,26.68,24-06-23,Debit Card,7
ORD1323,CUST6588,PROD423,2,734.14,07-11-20,PayPal,4
ORD1324,CUST1680,PROD424,4,1356,15-03-23,Bank Transfer,6
ORD1325,CUST1565,PROD425,1,376.29,20-02-22,Debit Card,1
ORD1326,CUST8325,PROD426,4,1955.6,04-03-20,Bank Transfer,14
ORD1327,CUST5919,PROD427,5,196.5,07-02-22,Credit Card,7
ORD1328,CUST4702,PROD428,1,201.22,30-12-24,Debit Card,3
ORD1329,CUST9993,PROD429,1,253.85,23-10-23,Credit Card,12
ORD1330,CUST1722,PROD430,2,709.96,20-02-22,Debit Card,7
ORD1331,CUST8476,PROD431,5,1859.05,21-06-20,Debit Card,10
ORD1332,CUST8057,PROD432,4,1984.08,09-03-22,Bank Transfer,6
ORD1333,CUST6541,PROD433,2,69.92,06-07-24,Credit Card,13
ORD1334,CUST4395,PROD434,3,1090.83,25-10-23,PayPal,9
ORD1335,CUST5888,PROD435,5,1938.4,02-11-23,PayPal,6
ORD1336,CUST6496,PROD436,2,554.16,10-05-20,Credit Card,3
ORD1337,CUST1518,PROD437,3,1163.79,15-04-20,Credit Card,13
ORD1338,CUST6809,PROD438,5,2027.4,10-07-21,Credit Card,6
ORD1339,CUST4433,PROD439,1,419.28,07-08-20,Bank Transfer,1
ORD1340,CUST3571,PROD440,1,396.29,17-12-21,Credit Card,3
ORD1341,CUST5494,PROD441,1,281.73,05-10-23,PayPal,1
ORD1342,CUST6932,PROD442,2,838.52,04-05-22,Credit Card,1
ORD1343,CUST7545,PROD443,1,197.84,20-03-21,Debit Card,9
ORD1344,CUST9490,PROD444,2,876.86,04-10-21,PayPal,10
ORD1345,CUST6056,PROD445,4,1325.52,12-03-20,Credit Card,4
ORD1346,CUST6780,PROD446,2,730.82,29-10-20,Debit Card,3
ORD1347,CUST2287,PROD447,4,1030.04,07-06-20,PayPal,13
ORD1348,CUST1051,PROD448,4,177.96,05-01-25,Debit Card,2
ORD1349,CUST7045,PROD449,5,1510.95,22-10-22,Credit Card,2
ORD1350,CUST1184,PROD450,2,921,07-04-23,Debit Card,14
ORD1351,CUST8383,PROD451,2,770.78,21-03-22,Debit Card,11
ORD1352,CUST4536,PROD452,2,93.34,24-10-23,Bank Transfer,13
ORD1353,CUST1839,PROD453,3,464.64,07-12-24,Debit Card,11
ORD1354,CUST2911,PROD454,5,564.9,29-02-24,Bank Transfer,13
ORD1355,CUST2863,PROD455,3,722.85,04-03-22,Bank Transfer,12
ORD1356,CUST9750,PROD456,4,1506.72,28-08-23,Credit Card,9
ORD1357,CUST5658,PROD457,1,499.25,25-12-21,Debit Card,7
ORD1358,CUST3259,PROD458,4,1855.36,10-04-23,PayPal,12
ORD1359,CUST2632,PROD459,3,371.88,25-11-20,PayPal,9
ORD1360,CUST9723,PROD460,5,605.35,06-06-20,Bank Transfer,8
ORD1361,CUST2688,PROD461,1,483.73,03-04-20,Bank Transfer,6
ORD1362,CUST7959,PROD462,2,744.62,08-03-23,Credit Card,5
ORD1363,CUST5814,PROD463,1,476.62,01-09-22,Debit Card,7
ORD1364,CUST3847,PROD464,4,1902.56,09-06-24,Credit Card,7
ORD1365,CUST7239,PROD465,2,711.54,23-01-20,Bank Transfer,6
ORD1366,CUST8895,PROD466,1,243.4,29-06-20,Credit Card,4
ORD1367,CUST7101,PROD467,1,116.75,30-11-20,Credit Card,3
ORD1368,CUST1520,PROD468,4,1467.04,10-09-21,PayPal,11
ORD1369,CUST6430,PROD469,3,444.87,25-01-25,Bank Transfer,13
ORD1370,CUST9118,PROD470,4,577.6,10-02-22,Debit Card,6
ORD1371,CUST4030,PROD471,5,534.85,07-01-22,Credit Card,7
ORD1372,CUST9763,PROD472,2,975.42,04-04-24,Debit Card,13
ORD1373,CUST8577,PROD473,5,1444.3,29-10-24,Bank Transfer,10
ORD1374,CUST6875,PROD474,2,320.16,16-02-23,Credit Card,6
ORD1375,CUST7050,PROD475,2,164.3,07-06-22,PayPal,1
ORD1376,CUST3174,PROD476,2,251.86,18-01-23,PayPal,6
ORD1377,CUST9981,PROD477,5,2495.95,23-12-21,Credit Card,9
ORD1378,CUST9775,PROD478,2,154.68,13-07-23,Credit Card,4
ORD1379,CUST8200,PROD479,4,993.16,18-06-24,PayPal,6
ORD1380,CUST9491,PROD480,4,422.16,21-12-21,Debit Card,2
ORD1381,CUST6982,PROD481,2,975.8,04-08-21,Credit Card,6
ORD1382,CUST2568,PROD482,1,363.24,14-02-21,Credit Card,6
ORD1383,CUST6227,PROD483,1,117.79,26-12-21,Credit Card,4
ORD1384,CUST1859,PROD484,5,419.85,05-02-20,Bank Transfer,10
ORD1385,CUST3407,PROD485,4,1792.68,09-01-24,Bank Transfer,8
ORD1386,CUST9894,PROD486,1,255.38,20-12-24,PayPal,14
ORD1387,CUST2937,PROD487,1,435.56,08-10-20,Credit Card,5
ORD1388,CUST7932,PROD488,3,957.78,22-12-21,Credit Card,9
ORD1389,CUST6772,PROD489,1,301.82,28-02-21,PayPal,3
ORD1390,CUST1611,PROD490,2,202.28,03-04-20,Debit Card,14
ORD1391,CUST5180,PROD491,3,441.87,25-10-20,Bank Transfer,12
ORD1392,CUST5994,PROD492,1,58.65,17-03-21,Credit Card,14
ORD1393,CUST8270,PROD493,3,208.77,15-08-22,Debit Card,7
ORD1394,CUST8305,PROD494,5,361.3,09-09-23,Credit Card,1
ORD1395,CUST4569,PROD495,3,871.08,27-06-22,Bank Transfer,13
ORD1396,CUST6599,PROD496,1,360.45,23-01-21,Bank Transfer,3
ORD1397,CUST1535,PROD497,4,851.08,28-09-24,Bank Transfer,14
ORD1398,CUST1437,PROD498,5,1807.5,03-06-20,Bank Transfer,3
ORD1399,CUST3767,PROD499,5,2362,11-05-21,Credit Card,14
ORD1400,CUST4444,PROD500,1,137.75,18-02-24,Debit Card,8
ORD1401,CUST3089,PROD501,3,100.08,18-03-22,Debit Card,11
ORD1402,CUST5141,PROD502,3,1245.45,06-09-23,Credit Card,5
ORD1403,CUST6176,PROD503,1,266.89,01-12-22,Debit Card,3
ORD1404,CUST4333,PROD504,2,678,25-10-20,PayPal,9
ORD1405,CUST1226,PROD505,2,188.84,04-05-20,PayPal,12
ORD1406,CUST1064,PROD506,5,2324.45,20-11-22,Debit Card,9
ORD1407,CUST1374,PROD507,2,410.16,15-12-21,Debit Card,8
ORD1408,CUST2714,PROD508,1,421.89,06-11-21,Debit Card,1
ORD1409,CUST9959,PROD509,4,1898.16,09-09-21,Credit Card,11
ORD1410,CUST8428,PROD510,3,399.18,13-04-21,Credit Card,1
ORD1411,CUST6870,PROD511,5,1421.5,02-11-20,Bank Transfer,4
ORD1412,CUST5572,PROD512,1,57.08,13-04-20,Credit Card,2
ORD1413,CUST3607,PROD513,4,229.48,10-04-24,Bank Transfer,2
ORD1414,CUST1894,PROD514,4,739.36,03-10-24,Credit Card,11
ORD1415,CUST8514,PROD515,5,2284.35,29-06-24,Debit Card,11
ORD1416,CUST9969,PROD516,5,2134.45,03-12-20,PayPal,11
ORD1417,CUST2381,PROD517,1,254.63,27-04-21,Bank Transfer,8
ORD1418,CUST4499,PROD518,5,1746.65,16-11-23,Debit Card,3
ORD1419,CUST5515,PROD519,5,2175.35,06-09-20,PayPal,10
ORD1420,CUST1061,PROD520,1,54.18,08-06-21,PayPal,2
ORD1421,CUST2285,PROD521,4,948.56,19-10-23,Credit Card,2
ORD1422,CUST1293,PROD522,2,240.4,10-07-20,Debit Card,11
ORD1423,CUST2022,PROD523,4,689.16,23-12-23,Bank Transfer,12
ORD1424,CUST1516,PROD524,4,1753.24,08-11-23,Bank Transfer,13
ORD1425,CUST4347,PROD525,4,732.32,10-01-25,Debit Card,2
ORD1426,CUST6285,PROD526,2,639.5,28-12-23,Bank Transfer,7
ORD1427,CUST3796,PROD527,5,941.1,27-04-22,Bank Transfer,10
ORD1428,CUST5287,PROD528,4,1256.8,11-04-22,Credit Card,4
ORD1429,CUST2963,PROD529,2,706.22,16-02-23,Credit Card,12
ORD1430,CUST6701,PROD530,2,911.84,30-01-25,Bank Transfer,6
ORD1431,CUST5777,PROD531,1,295.24,30-12-20,Bank Transfer,10
ORD1432,CUST9321,PROD532,3,1478.4,26-03-24,Debit Card,2
ORD1433,CUST5812,PROD533,3,597.45,15-01-25,Bank Transfer,3
ORD1434,CUST2761,PROD534,5,1341.05,27-10-22,Bank Transfer,12
ORD1435,CUST8410,PROD535,3,254.49,31-08-22,Bank Transfer,5
ORD1436,CUST6735,PROD536,1,322.86,17-01-22,Debit Card,12
ORD1437,CUST5582,PROD537,3,504.45,14-04-23,Debit Card,9
ORD1438,CUST6462,PROD538,5,1169.7,10-03-22,PayPal,12
ORD1439,CUST1863,PROD539,3,396,29-06-20,PayPal,5
ORD1440,CUST2456,PROD540,1,180.65,20-01-25,Debit Card,9
ORD1441,CUST4888,PROD541,2,760.64,24-10-20,PayPal,14
ORD1442,CUST8912,PROD542,3,936.42,10-08-23,Credit Card,5
ORD1443,CUST6165,PROD543,3,660.96,13-11-21,Credit Card,6
ORD1444,CUST9396,PROD544,1,155.95,03-10-23,PayPal,1
ORD1445,CUST9756,PROD545,1,92.35,28-04-20,Debit Card,3
ORD1446,CUST2235,PROD546,2,373.2,15-04-20,PayPal,2
ORD1447,CUST7982,PROD547,2,546.54,19-11-23,Credit Card,12
ORD1448,CUST8271,PROD548,4,1952.16,01-10-23,Credit Card,13
ORD1449,CUST8158,PROD549,2,403.78,12-12-21,Debit Card,9
ORD1450,CUST5470,PROD550,1,174.27,22-05-20,PayPal,7
ORD1451,CUST6827,PROD551,5,139.55,04-06-24,Debit Card,9
ORD1452,CUST9710,PROD552,3,1411.74,09-07-24,Bank Transfer,2
ORD1453,CUST9273,PROD553,5,1809,13-04-21,PayPal,11
ORD1454,CUST7863,PROD554,1,418.11,21-02-22,PayPal,9
ORD1455,CUST2327,PROD555,4,646.08,23-08-21,Bank Transfer,2
ORD1456,CUST7457,PROD556,1,132.54,27-04-21,Credit Card,14
ORD1457,CUST8133,PROD557,5,2289.8,20-07-23,PayPal,5
ORD1458,CUST5998,PROD558,5,1696.35,01-05-21,Credit Card,4
ORD1459,CUST8800,PROD559,2,616.56,17-08-21,Debit Card,8
ORD1460,CUST6915,PROD560,4,1566.2,07-02-22,Credit Card,12
ORD1461,CUST2404,PROD561,1,132.86,28-12-20,PayPal,14
ORD1462,CUST3382,PROD562,3,653.4,03-02-25,PayPal,7
ORD1463,CUST7969,PROD563,3,602.58,27-09-20,Bank Transfer,13
ORD1464,CUST9842,PROD564,2,747.18,30-09-22,Credit Card,8
ORD1465,CUST4878,PROD565,3,299.88,09-04-23,PayPal,2
ORD1466,CUST7429,PROD566,2,43.82,27-01-25,Credit Card,5
ORD1467,CUST2949,PROD567,5,1480.05,30-11-23,Debit Card,10
ORD1468,CUST2048,PROD568,1,204.46,22-01-23,Credit Card,11
ORD1469,CUST4519,PROD569,1,439.74,27-04-20,Debit Card,4
ORD1470,CUST1954,PROD570,3,454.26,08-07-21,Debit Card,6
ORD1471,CUST9955,PROD571,5,1377.75,28-03-20,Debit Card,3
ORD1472,CUST6323,PROD572,2,44.16,17-01-24,PayPal,12
ORD1473,CUST6042,PROD573,4,1165.2,17-02-20,PayPal,3
ORD1474,CUST5041,PROD574,1,285.64,23-07-24,Debit Card,2
ORD1475,CUST7524,PROD575,3,615.03,26-10-21,PayPal,11
ORD1476,CUST4514,PROD576,4,1946.08,05-07-24,Credit Card,2
ORD1477,CUST9561,PROD577,4,1049.16,24-05-24,Bank Transfer,14
ORD1478,CUST4988,PROD578,3,1284.66,11-02-24,Credit Card,2
ORD1479,CUST5598,PROD579,3,197.82,22-07-23,Bank Transfer,10
ORD1480,CUST3939,PROD580,4,1479.96,12-05-20,Bank Transfer,10
ORD1481,CUST5342,PROD581,5,1424.8,19-05-22,Credit Card,9
ORD1482,CUST4577,PROD582,3,836.91,26-02-22,Credit Card,12
ORD1483,CUST7408,PROD583,1,484.23,30-03-24,Credit Card,13
ORD1484,CUST7601,PROD584,2,310.76,25-01-21,Credit Card,7
ORD1485,CUST6562,PROD585,2,944.24,08-12-24,Credit Card,1
ORD1486,CUST5567,PROD586,4,1816.92,09-01-25,PayPal,8
ORD1487,CUST8706,PROD587,3,183.81,04-08-24,Debit Card,1
ORD1488,CUST3054,PROD588,5,812.15,28-10-24,Bank Transfer,8
ORD1489,CUST9006,PROD589,2,966.6,03-07-22,Debit Card,11
ORD1490,CUST4509,PROD590,5,1370.9,12-02-21,Debit Card,8
ORD1491,CUST2041,PROD591,2,870.92,20-11-20,Bank Transfer,12
ORD1492,CUST2929,PROD592,3,464.82,16-08-24,Credit Card,13
ORD1493,CUST1670,PROD593,1,51.32,15-05-22,PayPal,13
ORD1494,CUST4601,PROD594,5,86.4,28-05-22,Debit Card,8
ORD1495,CUST1642,PROD595,2,121.72,05-05-23,Credit Card,13
ORD1496,CUST7674,PROD596,1,252.66,05-09-20,Credit Card,12
ORD1497,CUST5186,PROD597,3,986.67,06-11-21,PayPal,11
ORD1498,CUST4372,PROD598,2,465.98,27-11-24,Bank Transfer,7
ORD1499,CUST6006,PROD599,5,1280.5,10-10-20,Debit Card,11
